[
 {
  "sid":"EHPV2425:147#in:1",
  "informer":"<p> No Requirements </p>",
  "viewer":[
  ]
 },
 {
  "sid":"EHPV2425:147#in:2",
  "informer":"<p> No Requirements </p>",
  "viewer":[
  ]
 },
 {
  "sid":"EHPV2425:147#in:3",
  "informer":"<p> No Requirements </p>",
  "viewer":[
  ]
 },
 {
  "sid":"EHPV2425:147#in:4",
  "informer":"<p> No Requirements </p>",
  "viewer":[
  ]
 },
 {
  "sid":"EHPV2425:147#out:1",
  "informer":"<p> No Requirements </p>",
  "viewer":[
  ]
 },
 {
  "sid":"EHPV2425:147#out:2",
  "informer":"<p> No Requirements </p>",
  "viewer":[
  ]
 },
 {
  "sid":"EHPV2425:147#out:3",
  "informer":"<p> No Requirements </p>",
  "viewer":[
  ]
 },
 {
  "sid":"EHPV2425:147#out:4",
  "informer":"<p> No Requirements </p>",
  "viewer":[
  ]
 },
 {
  "sid":"EHPV2425:147#out:5",
  "informer":"<p> No Requirements </p>",
  "viewer":[
  ]
 },
 {
  "sid":"EHPV2425:147#out:6",
  "informer":"<p> No Requirements </p>",
  "viewer":[
  ]
 },
 {
  "sid":"EHPV2425:503",
  "informer":"<p> No Requirements </p>",
  "viewer":[
  ]
 },
 {
  "sid":"EHPV2425:503#out:1",
  "informer":"<p> No Requirements </p>",
  "viewer":[
  ]
 },
 {
  "sid":"EHPV2425:329",
  "informer":"<p> No Requirements </p>",
  "viewer":[
  ]
 },
 {
  "sid":"EHPV2425:329#out:1",
  "informer":"<p> No Requirements </p>",
  "viewer":[
  ]
 },
 {
  "sid":"EHPV2425:323",
  "informer":"<p> No Requirements </p>",
  "viewer":[
  ]
 },
 {
  "sid":"EHPV2425:323#out:1",
  "informer":"<p> No Requirements </p>",
  "viewer":[
  ]
 },
 {
  "sid":"EHPV2425:322",
  "informer":"<p> No Requirements </p>",
  "viewer":[
  ]
 },
 {
  "sid":"EHPV2425:322#out:1",
  "informer":"<p> No Requirements </p>",
  "viewer":[
  ]
 },
 {
  "sid":"EHPV2425:163",
  "informer":"<p> No Requirements </p>",
  "viewer":[
  ]
 },
 {
  "sid":"EHPV2425:163#in:1",
  "informer":"<p> No Requirements </p>",
  "viewer":[
  ]
 },
 {
  "sid":"EHPV2425:163#in:2",
  "informer":"<p> No Requirements </p>",
  "viewer":[
  ]
 },
 {
  "sid":"EHPV2425:163#in:3",
  "informer":"<p> No Requirements </p>",
  "viewer":[
  ]
 },
 {
  "sid":"EHPV2425:163#in:4",
  "informer":"<p> No Requirements </p>",
  "viewer":[
  ]
 },
 {
  "sid":"EHPV2425:163#out:1",
  "informer":"<p> No Requirements </p>",
  "viewer":[
  ]
 },
 {
  "sid":"EHPV2425:163#out:2",
  "informer":"<p> No Requirements </p>",
  "viewer":[
  ]
 },
 {
  "sid":"EHPV2425:163#out:3",
  "informer":"<p> No Requirements </p>",
  "viewer":[
  ]
 },
 {
  "sid":"EHPV2425:163#out:4",
  "informer":"<p> No Requirements </p>",
  "viewer":[
  ]
 },
 {
  "sid":"EHPV2425:163#out:5",
  "informer":"<p> No Requirements </p>",
  "viewer":[
  ]
 },
 {
  "sid":"EHPV2425:23",
  "informer":"<p> No Requirements </p>",
  "viewer":[
  ]
 },
 {
  "sid":"EHPV2425:23#out:1",
  "informer":"<p> No Requirements </p>",
  "viewer":[
  ]
 },
 {
  "sid":"EHPV2425:151",
  "informer":"<html><head><meta charset=\"UTF-8\"></head><body>\n<h2><font color=\"#993300\">\"Battery Humidity\" <i>(Component, 2 links)</i></font></h2>\n<hr>\n<font color=\"#993300\"><h3>1. link #19</h3>\nLink to Requirements Toolbox<br/>\nDocument: <font color=\"blue\">NGOS.slreqx</font><br/>\nLocation/Item: <font color=\"blue\">Electrical Protection</font><br/>\n</font>\n<hr>\n<font color=\"#993300\"><h3>2. link #24</h3>\nLink to Requirements Toolbox<br/>\nDocument: <font color=\"blue\">NGOS.slreqx</font><br/>\nLocation/Item: <font color=\"blue\">Component Preservation</font><br/>\n</font>\n<!DOCTYPE HTML PUBLIC \"-//W3C//DTD HTML 4.0//EN\" \"http://www.w3.org/TR/REC-html40/strict.dtd\">\n<html><head><meta name=\"qrichtext\" content=\"1\" /><style type=\"text/css\">\np, li { white-space: pre-wrap; }\n</style></head><body align=\"left\" style=\" font-family:'MS Shell Dlg 2','MS Shell Dlg 2'; font-size:10pt; font-weight:400; font-style:normal;\">\n<p align=\"left\" style=\" margin-top:0px; margin-bottom:0px; margin-left:0px; margin-right:0px; -qt-block-indent:0; text-indent:0px;\"><span style=\" font-family:'MS Shell Dlg 2';\">Some components may overheat or draw too much current. We need to mitigate that. </span></p></body></html>\n</body></html>\n",
  "viewer":{
   "color":"orange"
  }
 },
 {
  "sid":"EHPV2425:151#in:1",
  "informer":"<p> No Requirements </p>",
  "viewer":[
  ]
 },
 {
  "sid":"EHPV2425:151#in:2",
  "informer":"<p> No Requirements </p>",
  "viewer":[
  ]
 },
 {
  "sid":"EHPV2425:151#in:3",
  "informer":"<p> No Requirements </p>",
  "viewer":[
  ]
 },
 {
  "sid":"EHPV2425:150",
  "informer":"<html><head><meta charset=\"UTF-8\"></head><body>\n<h2><font color=\"#993300\">\"Battery Thermocouple\" <i>(Component, 2 links)</i></font></h2>\n<hr>\n<font color=\"#993300\"><h3>1. link #18</h3>\nLink to Requirements Toolbox<br/>\nDocument: <font color=\"blue\">NGOS.slreqx</font><br/>\nLocation/Item: <font color=\"blue\">Electrical Protection</font><br/>\n</font>\n<hr>\n<font color=\"#993300\"><h3>2. link #23</h3>\nLink to Requirements Toolbox<br/>\nDocument: <font color=\"blue\">NGOS.slreqx</font><br/>\nLocation/Item: <font color=\"blue\">Component Preservation</font><br/>\n</font>\n<!DOCTYPE HTML PUBLIC \"-//W3C//DTD HTML 4.0//EN\" \"http://www.w3.org/TR/REC-html40/strict.dtd\">\n<html><head><meta name=\"qrichtext\" content=\"1\" /><style type=\"text/css\">\np, li { white-space: pre-wrap; }\n</style></head><body align=\"left\" style=\" font-family:'MS Shell Dlg 2','MS Shell Dlg 2'; font-size:10pt; font-weight:400; font-style:normal;\">\n<p align=\"left\" style=\" margin-top:0px; margin-bottom:0px; margin-left:0px; margin-right:0px; -qt-block-indent:0; text-indent:0px;\"><span style=\" font-family:'MS Shell Dlg 2';\">Some components may overheat or draw too much current. We need to mitigate that. </span></p></body></html>\n</body></html>\n",
  "viewer":{
   "color":"orange"
  }
 },
 {
  "sid":"EHPV2425:150#in:1",
  "informer":"<p> No Requirements </p>",
  "viewer":[
  ]
 },
 {
  "sid":"EHPV2425:150#out:1",
  "informer":"<p> No Requirements </p>",
  "viewer":[
  ]
 },
 {
  "sid":"EHPV2425:22",
  "informer":"<html><head><meta charset=\"UTF-8\"></head><body>\n<h2><font color=\"#993300\">\"Motor Battery\" <i>(Component)</i></font></h2>\n<hr>\n<font color=\"#993300\"><h3>1. link #4</h3>\nLink to Requirements Toolbox<br/>\nDocument: <font color=\"blue\">components.slreqx</font><br/>\nLocation/Item: <font color=\"blue\">Motor Battery</font><br/>\n</font>\n</body></html>\n",
  "viewer":{
   "color":"orange"
  }
 },
 {
  "sid":"EHPV2425:22#out:1",
  "informer":"<p> No Requirements </p>",
  "viewer":[
  ]
 },
 {
  "sid":"EHPV2425:498",
  "informer":"<html><head><meta charset=\"UTF-8\"></head><body>\n<h2><font color=\"#993300\">\"Relay Break\" <i>(Component)</i></font></h2>\n<hr>\n<font color=\"#993300\"><h3>1. link #21</h3>\nLink to Requirements Toolbox<br/>\nDocument: <font color=\"blue\">NGOS.slreqx</font><br/>\nLocation/Item: <font color=\"blue\">Emergency Shutoff Capabilities </font><br/>\n</font>\n</body></html>\n",
  "viewer":{
   "color":"orange"
  }
 },
 {
  "sid":"EHPV2425:498#in:1",
  "informer":"<p> No Requirements </p>",
  "viewer":[
  ]
 },
 {
  "sid":"EHPV2425:498#in:2",
  "informer":"<p> No Requirements </p>",
  "viewer":[
  ]
 },
 {
  "sid":"EHPV2425:498#in:3",
  "informer":"<p> No Requirements </p>",
  "viewer":[
  ]
 },
 {
  "sid":"EHPV2425:498#out:1",
  "informer":"<p> No Requirements </p>",
  "viewer":[
  ]
 },
 {
  "sid":"EHPV2425:426",
  "informer":"<p> No Requirements </p>",
  "viewer":[
  ]
 },
 {
  "sid":"EHPV2425:426#in:1",
  "informer":"<p> No Requirements </p>",
  "viewer":[
  ]
 },
 {
  "sid":"EHPV2425:427",
  "informer":"<p> No Requirements </p>",
  "viewer":[
  ]
 },
 {
  "sid":"EHPV2425:427#in:1",
  "informer":"<p> No Requirements </p>",
  "viewer":[
  ]
 },
 {
  "sid":"EHPV2425:148",
  "informer":"<p> No Requirements </p>",
  "viewer":[
  ]
 },
 {
  "sid":"EHPV2425:148#in:1",
  "informer":"<p> No Requirements </p>",
  "viewer":[
  ]
 },
 {
  "sid":"EHPV2425:153",
  "informer":"<p> No Requirements </p>",
  "viewer":[
  ]
 },
 {
  "sid":"EHPV2425:153#in:1",
  "informer":"<p> No Requirements </p>",
  "viewer":[
  ]
 },
 {
  "sid":"EHPV2425:337",
  "informer":"<p> No Requirements </p>",
  "viewer":[
  ]
 },
 {
  "sid":"EHPV2425:337#in:1",
  "informer":"<p> No Requirements </p>",
  "viewer":[
  ]
 },
 {
  "sid":"EHPV2425:149",
  "informer":"<p> No Requirements </p>",
  "viewer":[
  ]
 },
 {
  "sid":"EHPV2425:149#in:1",
  "informer":"<p> No Requirements </p>",
  "viewer":[
  ]
 },
 {
  "sid":"EHPV2425:147#seg:-40-70--40-70",
  "informer":"<p> No Requirements </p>",
  "viewer":[
  ]
 },
 {
  "sid":"EHPV2425:147#seg:-40-120-25-205",
  "informer":"<p> No Requirements </p>",
  "viewer":[
  ]
 },
 {
  "sid":"EHPV2425:147#seg:-170-95--170-95",
  "informer":"<p> No Requirements </p>",
  "viewer":[
  ]
 },
 {
  "sid":"EHPV2425:147#seg:411-285-400-285",
  "informer":"<p> No Requirements </p>",
  "viewer":[
  ]
 },
 {
  "sid":"EHPV2425:147#seg:411-255-400-255",
  "informer":"<p> No Requirements </p>",
  "viewer":[
  ]
 },
 {
  "sid":"EHPV2425:147#seg:411-225-400-225",
  "informer":"<p> No Requirements </p>",
  "viewer":[
  ]
 },
 {
  "sid":"EHPV2425:147#seg:220-370-220-360",
  "informer":"<p> No Requirements </p>",
  "viewer":[
  ]
 },
 {
  "sid":"EHPV2425:147#seg:410-315-400-315",
  "informer":"<p> No Requirements </p>",
  "viewer":[
  ]
 },
 {
  "sid":"EHPV2425:147#seg:410-315--40-355",
  "informer":"<p> No Requirements </p>",
  "viewer":[
  ]
 },
 {
  "sid":"EHPV2425:147#seg:410-315--40-190",
  "informer":"<p> No Requirements </p>",
  "viewer":[
  ]
 },
 {
  "sid":"EHPV2425:147#seg:411-315-410-315",
  "informer":"<p> No Requirements </p>",
  "viewer":[
  ]
 },
 {
  "sid":"EHPV2425:147#seg:-40-405--40-405",
  "informer":"<p> No Requirements </p>",
  "viewer":[
  ]
 },
 {
  "sid":"EHPV2425:147#seg:-40-380--40-380",
  "informer":"<p> No Requirements </p>",
  "viewer":[
  ]
 },
 {
  "sid":"EHPV2425:147#seg:411-195-400-195",
  "informer":"<p> No Requirements </p>",
  "viewer":[
  ]
 },
 {
  "sid":"EHPV2425:147#seg:-40-215-25-255",
  "informer":"<p> No Requirements </p>",
  "viewer":[
  ]
 },
 {
  "sid":"EHPV2425:147#seg:-38-290-25-305",
  "informer":"<p> No Requirements </p>",
  "viewer":[
  ]
 },
 {
  "sid":"EHPV2425:147#seg:-38-290--40-95",
  "informer":"<p> No Requirements </p>",
  "viewer":[
  ]
 },
 {
  "sid":"EHPV2425:147#seg:-40-290--38-290",
  "informer":"<p> No Requirements </p>",
  "viewer":[
  ]
 },
 {
  "sid":"EHPV2425:23#out:1;line",
  "informer":[
  ],
  "viewer":[
  ]
 },
 {
  "sid":"EHPV2425:150#out:1;line",
  "informer":[
  ],
  "viewer":[
  ]
 },
 {
  "sid":"EHPV2425:163#out:1;line",
  "informer":[
  ],
  "viewer":[
  ]
 },
 {
  "sid":"EHPV2425:323#out:1;line",
  "informer":[
  ],
  "viewer":[
  ]
 },
 {
  "sid":"EHPV2425:322#out:1;line",
  "informer":[
  ],
  "viewer":[
  ]
 },
 {
  "sid":"EHPV2425:163#out:5;line",
  "informer":[
  ],
  "viewer":[
  ]
 },
 {
  "sid":"EHPV2425:329#out:1;line",
  "informer":[
  ],
  "viewer":[
  ]
 },
 {
  "sid":"EHPV2425:163#out:2;line",
  "informer":[
  ],
  "viewer":[
  ]
 },
 {
  "sid":"EHPV2425:163#out:3;line",
  "informer":[
  ],
  "viewer":[
  ]
 },
 {
  "sid":"EHPV2425:163#out:4;line",
  "informer":[
  ],
  "viewer":[
  ]
 },
 {
  "sid":"EHPV2425:22#out:1;line",
  "informer":[
  ],
  "viewer":[
  ]
 },
 {
  "sid":"EHPV2425:498#out:1;line",
  "informer":[
  ],
  "viewer":[
  ]
 },
 {
  "sid":"EHPV2425:503#out:1;line",
  "informer":[
  ],
  "viewer":[
  ]
 }
]