[
 {
  "sid":"EHPV2425:70#in:1",
  "informer":"<p> No Requirements </p>",
  "viewer":[
  ]
 },
 {
  "sid":"EHPV2425:70#out:1",
  "informer":"<p> No Requirements </p>",
  "viewer":[
  ]
 },
 {
  "sid":"EHPV2425:84",
  "informer":"<p> No Requirements </p>",
  "viewer":[
  ]
 },
 {
  "sid":"EHPV2425:84#out:1",
  "informer":"<p> No Requirements </p>",
  "viewer":[
  ]
 },
 {
  "sid":"EHPV2425:389",
  "informer":"<p> No Requirements </p>",
  "viewer":[
  ]
 },
 {
  "sid":"EHPV2425:389#in:1",
  "informer":"<p> No Requirements </p>",
  "viewer":[
  ]
 }
]