[
 {
  "sid":"EHPV2425:399#in:1",
  "inspector":{
   "params":[
    "Name",
    "Name",
    "Action",
    "Description"
   ],
   "values":[
    "5V",
    "<inherit>",
    "Input",
    ""
   ],
   "tabs":[
    "Main",
    "Interface",
    "Documentation"
   ],
   "tabs_idx":[
    0,
    1,
    3
   ]
  },
  "viewer":{
   "jshandler":"webview/handlers/ElementHandler"
  },
  "obj_viewer":[
  ],
  "finder":[
  ]
 },
 {
  "sid":"EHPV2425:399#out:1",
  "inspector":{
   "params":[
    "Name",
    "Name",
    "Action",
    "Description"
   ],
   "values":[
    "Right Raw Pulse Data",
    "<inherit>",
    "Output",
    ""
   ],
   "tabs":[
    "Main",
    "Interface",
    "Documentation"
   ],
   "tabs_idx":[
    0,
    1,
    3
   ]
  },
  "viewer":{
   "jshandler":"webview/handlers/ElementHandler"
  },
  "obj_viewer":[
  ],
  "finder":[
  ]
 },
 {
  "sid":"EHPV2425:399#rconn:1",
  "inspector":{
   "params":[
    "Name",
    "Name",
    "Action",
    "Description"
   ],
   "values":[
    "Conn1",
    "<inherit>",
    "Physical",
    ""
   ],
   "tabs":[
    "Main",
    "Interface",
    "Documentation"
   ],
   "tabs_idx":[
    0,
    1,
    3
   ]
  },
  "viewer":{
   "jshandler":"webview/handlers/ElementHandler"
  },
  "obj_viewer":[
  ],
  "finder":[
  ]
 },
 {
  "sid":"EHPV2425:400",
  "inspector":[
  ],
  "viewer":{
   "jshandler":"webview/handlers/ElementHandler"
  },
  "obj_viewer":[
  ],
  "finder":{
   "blocktype":"Inport",
   "masktype":""
  }
 },
 {
  "sid":"EHPV2425:400#out:1",
  "inspector":{
   "params":[
    "Name",
    "Name",
    "Action",
    "Description"
   ],
   "values":[
    "5V",
    "<inherit>",
    "Input",
    ""
   ],
   "tabs":[
    "Main",
    "Interface",
    "Documentation"
   ],
   "tabs_idx":[
    0,
    1,
    3
   ]
  },
  "viewer":{
   "jshandler":"webview/handlers/ElementHandler"
  },
  "obj_viewer":[
  ],
  "finder":[
  ]
 },
 {
  "sid":"EHPV2425:401",
  "inspector":[
  ],
  "viewer":{
   "jshandler":"webview/handlers/ElementHandler"
  },
  "obj_viewer":[
  ],
  "finder":{
   "blocktype":"PMIOPort",
   "masktype":""
  }
 },
 {
  "sid":"EHPV2425:401#rconn:1",
  "inspector":{
   "params":[
    "Name",
    "Name",
    "Action",
    "Description"
   ],
   "values":[
    "Conn1",
    "<inherit>",
    "Physical",
    ""
   ],
   "tabs":[
    "Main",
    "Interface",
    "Documentation"
   ],
   "tabs_idx":[
    0,
    1,
    3
   ]
  },
  "viewer":{
   "jshandler":"webview/handlers/ElementHandler"
  },
  "obj_viewer":[
  ],
  "finder":[
  ]
 },
 {
  "sid":"EHPV2425:402",
  "inspector":[
  ],
  "viewer":{
   "jshandler":"webview/handlers/ElementHandler"
  },
  "obj_viewer":[
  ],
  "finder":{
   "blocktype":"Outport",
   "masktype":""
  }
 },
 {
  "sid":"EHPV2425:402#in:1",
  "inspector":{
   "params":[
    "Name",
    "Name",
    "Action",
    "Description"
   ],
   "values":[
    "Right Raw Pulse Data",
    "<inherit>",
    "Output",
    ""
   ],
   "tabs":[
    "Main",
    "Interface",
    "Documentation"
   ],
   "tabs_idx":[
    0,
    1,
    3
   ]
  },
  "viewer":{
   "jshandler":"webview/handlers/ElementHandler"
  },
  "obj_viewer":[
  ],
  "finder":[
  ]
 }
]