[
 {
  "sid":"EHPV2425:34#in:1",
  "inspector":{
   "params":[
    "Name",
    "Name",
    "Action",
    "Description"
   ],
   "values":[
    "0-12V",
    "<inherit>",
    "Input",
    ""
   ],
   "tabs":[
    "Main",
    "Interface",
    "Documentation"
   ],
   "tabs_idx":[
    0,
    1,
    3
   ]
  },
  "viewer":{
   "jshandler":"webview/handlers/ElementHandler"
  },
  "obj_viewer":[
  ],
  "finder":[
  ]
 },
 {
  "sid":"EHPV2425:34#out:1",
  "inspector":{
   "params":[
    "Name",
    "Name",
    "Action",
    "Description"
   ],
   "values":[
    "0-12V Prot.",
    "<inherit>",
    "Output",
    ""
   ],
   "tabs":[
    "Main",
    "Interface",
    "Documentation"
   ],
   "tabs_idx":[
    0,
    1,
    3
   ]
  },
  "viewer":{
   "jshandler":"webview/handlers/ElementHandler"
  },
  "obj_viewer":[
  ],
  "finder":[
  ]
 },
 {
  "sid":"EHPV2425:35",
  "inspector":[
  ],
  "viewer":{
   "jshandler":"webview/handlers/ElementHandler"
  },
  "obj_viewer":[
  ],
  "finder":{
   "blocktype":"Inport",
   "masktype":""
  }
 },
 {
  "sid":"EHPV2425:35#out:1",
  "inspector":{
   "params":[
    "Name",
    "Name",
    "Action",
    "Description"
   ],
   "values":[
    "0-12V",
    "<inherit>",
    "Input",
    ""
   ],
   "tabs":[
    "Main",
    "Interface",
    "Documentation"
   ],
   "tabs_idx":[
    0,
    1,
    3
   ]
  },
  "viewer":{
   "jshandler":"webview/handlers/ElementHandler"
  },
  "obj_viewer":[
  ],
  "finder":[
  ]
 },
 {
  "sid":"EHPV2425:36",
  "inspector":[
  ],
  "viewer":{
   "jshandler":"webview/handlers/ElementHandler"
  },
  "obj_viewer":[
  ],
  "finder":{
   "blocktype":"Outport",
   "masktype":""
  }
 },
 {
  "sid":"EHPV2425:36#in:1",
  "inspector":{
   "params":[
    "Name",
    "Name",
    "Action",
    "Description"
   ],
   "values":[
    "0-12V Prot.",
    "<inherit>",
    "Output",
    ""
   ],
   "tabs":[
    "Main",
    "Interface",
    "Documentation"
   ],
   "tabs_idx":[
    0,
    1,
    3
   ]
  },
  "viewer":{
   "jshandler":"webview/handlers/ElementHandler"
  },
  "obj_viewer":[
  ],
  "finder":[
  ]
 }
]