[
 {
  "sid":"EHPV2425:160#in:1",
  "inspector":{
   "params":[
    "Name",
    "Name",
    "Action",
    "Description"
   ],
   "values":[
    "5V",
    "<inherit>",
    "Input",
    ""
   ],
   "tabs":[
    "Main",
    "Interface",
    "Documentation"
   ],
   "tabs_idx":[
    0,
    1,
    3
   ]
  },
  "viewer":{
   "jshandler":"webview/handlers/ElementHandler"
  },
  "obj_viewer":[
  ],
  "finder":[
  ]
 },
 {
  "sid":"EHPV2425:160#out:1",
  "inspector":{
   "params":[
    "Name",
    "Name",
    "Action",
    "Description"
   ],
   "values":[
    "Left Raw Pulse Data",
    "<inherit>",
    "Output",
    ""
   ],
   "tabs":[
    "Main",
    "Interface",
    "Documentation"
   ],
   "tabs_idx":[
    0,
    1,
    3
   ]
  },
  "viewer":{
   "jshandler":"webview/handlers/ElementHandler"
  },
  "obj_viewer":[
  ],
  "finder":[
  ]
 },
 {
  "sid":"EHPV2425:160#rconn:1",
  "inspector":{
   "params":[
    "Name",
    "Name",
    "Action",
    "Description"
   ],
   "values":[
    "Conn1",
    "<inherit>",
    "Physical",
    ""
   ],
   "tabs":[
    "Main",
    "Interface",
    "Documentation"
   ],
   "tabs_idx":[
    0,
    1,
    3
   ]
  },
  "viewer":{
   "jshandler":"webview/handlers/ElementHandler"
  },
  "obj_viewer":[
  ],
  "finder":[
  ]
 },
 {
  "sid":"EHPV2425:393",
  "inspector":[
  ],
  "viewer":{
   "jshandler":"webview/handlers/ElementHandler"
  },
  "obj_viewer":[
  ],
  "finder":{
   "blocktype":"Inport",
   "masktype":""
  }
 },
 {
  "sid":"EHPV2425:393#out:1",
  "inspector":{
   "params":[
    "Name",
    "Name",
    "Action",
    "Description"
   ],
   "values":[
    "5V",
    "<inherit>",
    "Input",
    ""
   ],
   "tabs":[
    "Main",
    "Interface",
    "Documentation"
   ],
   "tabs_idx":[
    0,
    1,
    3
   ]
  },
  "viewer":{
   "jshandler":"webview/handlers/ElementHandler"
  },
  "obj_viewer":[
  ],
  "finder":[
  ]
 },
 {
  "sid":"EHPV2425:397",
  "inspector":[
  ],
  "viewer":{
   "jshandler":"webview/handlers/ElementHandler"
  },
  "obj_viewer":[
  ],
  "finder":{
   "blocktype":"PMIOPort",
   "masktype":""
  }
 },
 {
  "sid":"EHPV2425:397#rconn:1",
  "inspector":{
   "params":[
    "Name",
    "Name",
    "Action",
    "Description"
   ],
   "values":[
    "Conn1",
    "<inherit>",
    "Physical",
    ""
   ],
   "tabs":[
    "Main",
    "Interface",
    "Documentation"
   ],
   "tabs_idx":[
    0,
    1,
    3
   ]
  },
  "viewer":{
   "jshandler":"webview/handlers/ElementHandler"
  },
  "obj_viewer":[
  ],
  "finder":[
  ]
 },
 {
  "sid":"EHPV2425:161",
  "inspector":[
  ],
  "viewer":{
   "jshandler":"webview/handlers/ElementHandler"
  },
  "obj_viewer":[
  ],
  "finder":{
   "blocktype":"Outport",
   "masktype":""
  }
 },
 {
  "sid":"EHPV2425:161#in:1",
  "inspector":{
   "params":[
    "Name",
    "Name",
    "Action",
    "Description"
   ],
   "values":[
    "Left Raw Pulse Data",
    "<inherit>",
    "Output",
    ""
   ],
   "tabs":[
    "Main",
    "Interface",
    "Documentation"
   ],
   "tabs_idx":[
    0,
    1,
    3
   ]
  },
  "viewer":{
   "jshandler":"webview/handlers/ElementHandler"
  },
  "obj_viewer":[
  ],
  "finder":[
  ]
 }
]