[
 {
  "sid":"EHPV2425:52#in:1",
  "informer":"<p> No Requirements </p>",
  "viewer":[
  ]
 },
 {
  "sid":"EHPV2425:52#in:2",
  "informer":"<p> No Requirements </p>",
  "viewer":[
  ]
 },
 {
  "sid":"EHPV2425:52#in:3",
  "informer":"<p> No Requirements </p>",
  "viewer":[
  ]
 },
 {
  "sid":"EHPV2425:52#out:1",
  "informer":"<p> No Requirements </p>",
  "viewer":[
  ]
 },
 {
  "sid":"EHPV2425:52#out:2",
  "informer":"<p> No Requirements </p>",
  "viewer":[
  ]
 },
 {
  "sid":"EHPV2425:52#rconn:1",
  "informer":"<p> No Requirements </p>",
  "viewer":[
  ]
 },
 {
  "sid":"EHPV2425:365",
  "informer":"<p> No Requirements </p>",
  "viewer":[
  ]
 },
 {
  "sid":"EHPV2425:365#out:1",
  "informer":"<p> No Requirements </p>",
  "viewer":[
  ]
 },
 {
  "sid":"EHPV2425:392",
  "informer":"<p> No Requirements </p>",
  "viewer":[
  ]
 },
 {
  "sid":"EHPV2425:392#out:1",
  "informer":"<p> No Requirements </p>",
  "viewer":[
  ]
 },
 {
  "sid":"EHPV2425:394",
  "informer":"<p> No Requirements </p>",
  "viewer":[
  ]
 },
 {
  "sid":"EHPV2425:394#out:1",
  "informer":"<p> No Requirements </p>",
  "viewer":[
  ]
 },
 {
  "sid":"EHPV2425:404",
  "informer":"<p> No Requirements </p>",
  "viewer":[
  ]
 },
 {
  "sid":"EHPV2425:404#out:1",
  "informer":"<p> No Requirements </p>",
  "viewer":[
  ]
 },
 {
  "sid":"EHPV2425:363",
  "informer":"<p> No Requirements </p>",
  "viewer":[
  ]
 },
 {
  "sid":"EHPV2425:363#out:1",
  "informer":"<p> No Requirements </p>",
  "viewer":[
  ]
 },
 {
  "sid":"EHPV2425:390",
  "informer":"<p> No Requirements </p>",
  "viewer":[
  ]
 },
 {
  "sid":"EHPV2425:390#out:1",
  "informer":"<p> No Requirements </p>",
  "viewer":[
  ]
 },
 {
  "sid":"EHPV2425:361",
  "informer":"<p> No Requirements </p>",
  "viewer":[
  ]
 },
 {
  "sid":"EHPV2425:361#out:1",
  "informer":"<p> No Requirements </p>",
  "viewer":[
  ]
 },
 {
  "sid":"EHPV2425:391",
  "informer":"<p> No Requirements </p>",
  "viewer":[
  ]
 },
 {
  "sid":"EHPV2425:391#out:1",
  "informer":"<p> No Requirements </p>",
  "viewer":[
  ]
 },
 {
  "sid":"EHPV2425:378",
  "informer":"<p> No Requirements </p>",
  "viewer":[
  ]
 },
 {
  "sid":"EHPV2425:378#in:1",
  "informer":"<p> No Requirements </p>",
  "viewer":[
  ]
 },
 {
  "sid":"EHPV2425:378#in:2",
  "informer":"<p> No Requirements </p>",
  "viewer":[
  ]
 },
 {
  "sid":"EHPV2425:378#in:3",
  "informer":"<p> No Requirements </p>",
  "viewer":[
  ]
 },
 {
  "sid":"EHPV2425:378#in:4",
  "informer":"<p> No Requirements </p>",
  "viewer":[
  ]
 },
 {
  "sid":"EHPV2425:160",
  "informer":"<html><head><meta charset=\"UTF-8\"></head><body>\n<h2><font color=\"#993300\">\"Left Pulse Sensor\" <i>(Component)</i></font></h2>\n<hr>\n<font color=\"#993300\"><h3>1. link #14</h3>\nLink to Requirements Toolbox<br/>\nDocument: <font color=\"blue\">NGOS.slreqx</font><br/>\nLocation/Item: <font color=\"blue\">Health Safety</font><br/>\n</font>\n</body></html>\n",
  "viewer":{
   "color":"orange"
  }
 },
 {
  "sid":"EHPV2425:160#in:1",
  "informer":"<p> No Requirements </p>",
  "viewer":[
  ]
 },
 {
  "sid":"EHPV2425:160#out:1",
  "informer":"<p> No Requirements </p>",
  "viewer":[
  ]
 },
 {
  "sid":"EHPV2425:160#rconn:1",
  "informer":"<p> No Requirements </p>",
  "viewer":[
  ]
 },
 {
  "sid":"EHPV2425:523",
  "informer":"<html><head><meta charset=\"UTF-8\"></head><body>\n<h2><font color=\"#993300\">\"Mechanical Steering\" <i>(Component, 2 links)</i></font></h2>\n<hr>\n<font color=\"#993300\"><h3>1. link #39</h3>\nLink to Requirements Toolbox<br/>\nDocument: <font color=\"blue\">NGOS.slreqx</font><br/>\nLocation/Item: <font color=\"blue\">Comfortable Handlebars</font><br/>\n</font>\n<hr>\n<font color=\"#993300\"><h3>2. link #57</h3>\nLink to Requirements Toolbox<br/>\nDocument: <font color=\"blue\">NGOS.slreqx</font><br/>\nLocation/Item: <font color=\"blue\">Minimal Effort for Actuaction</font><br/>\n</font>\n</body></html>\n",
  "viewer":{
   "color":"orange"
  }
 },
 {
  "sid":"EHPV2425:523#out:1",
  "informer":"<p> No Requirements </p>",
  "viewer":[
  ]
 },
 {
  "sid":"EHPV2425:523#out:2",
  "informer":"<p> No Requirements </p>",
  "viewer":[
  ]
 },
 {
  "sid":"EHPV2425:523#lconn:1",
  "informer":"<p> No Requirements </p>",
  "viewer":[
  ]
 },
 {
  "sid":"EHPV2425:523#lconn:2",
  "informer":"<p> No Requirements </p>",
  "viewer":[
  ]
 },
 {
  "sid":"EHPV2425:523#rconn:1",
  "informer":"<p> No Requirements </p>",
  "viewer":[
  ]
 },
 {
  "sid":"EHPV2425:384",
  "informer":"<p> No Requirements </p>",
  "viewer":[
  ]
 },
 {
  "sid":"EHPV2425:384#in:1",
  "informer":"<p> No Requirements </p>",
  "viewer":[
  ]
 },
 {
  "sid":"EHPV2425:384#in:2",
  "informer":"<p> No Requirements </p>",
  "viewer":[
  ]
 },
 {
  "sid":"EHPV2425:384#in:3",
  "informer":"<p> No Requirements </p>",
  "viewer":[
  ]
 },
 {
  "sid":"EHPV2425:384#in:4",
  "informer":"<p> No Requirements </p>",
  "viewer":[
  ]
 },
 {
  "sid":"EHPV2425:399",
  "informer":"<html><head><meta charset=\"UTF-8\"></head><body>\n<h2><font color=\"#993300\">\"Right Pulse Sensor\" <i>(Component)</i></font></h2>\n<hr>\n<font color=\"#993300\"><h3>1. link #13</h3>\nLink to Requirements Toolbox<br/>\nDocument: <font color=\"blue\">NGOS.slreqx</font><br/>\nLocation/Item: <font color=\"blue\">Health Safety</font><br/>\n</font>\n</body></html>\n",
  "viewer":{
   "color":"orange"
  }
 },
 {
  "sid":"EHPV2425:399#in:1",
  "informer":"<p> No Requirements </p>",
  "viewer":[
  ]
 },
 {
  "sid":"EHPV2425:399#out:1",
  "informer":"<p> No Requirements </p>",
  "viewer":[
  ]
 },
 {
  "sid":"EHPV2425:399#rconn:1",
  "informer":"<p> No Requirements </p>",
  "viewer":[
  ]
 },
 {
  "sid":"EHPV2425:251",
  "informer":"<p> No Requirements </p>",
  "viewer":[
  ]
 },
 {
  "sid":"EHPV2425:251#rconn:1",
  "informer":"<p> No Requirements </p>",
  "viewer":[
  ]
 },
 {
  "sid":"EHPV2425:405",
  "informer":"<p> No Requirements </p>",
  "viewer":[
  ]
 },
 {
  "sid":"EHPV2425:405#in:1",
  "informer":"<p> No Requirements </p>",
  "viewer":[
  ]
 },
 {
  "sid":"EHPV2425:406",
  "informer":"<p> No Requirements </p>",
  "viewer":[
  ]
 },
 {
  "sid":"EHPV2425:406#in:1",
  "informer":"<p> No Requirements </p>",
  "viewer":[
  ]
 },
 {
  "sid":"EHPV2425:52#seg:734-260-786-215",
  "informer":"<p> No Requirements </p>",
  "viewer":[
  ]
 },
 {
  "sid":"EHPV2425:52#seg:1020-230-1009-230",
  "informer":"<p> No Requirements </p>",
  "viewer":[
  ]
 },
 {
  "sid":"EHPV2425:52#seg:734-160-786-190",
  "informer":"<p> No Requirements </p>",
  "viewer":[
  ]
 },
 {
  "sid":"EHPV2425:52#seg:1021-205-1175-260",
  "informer":"<p> No Requirements </p>",
  "viewer":[
  ]
 },
 {
  "sid":"EHPV2425:52#seg:1021-180-1175-150",
  "informer":"<p> No Requirements </p>",
  "viewer":[
  ]
 },
 {
  "sid":"EHPV2425:52#seg:565-270-575-270",
  "informer":"<p> No Requirements </p>",
  "viewer":[
  ]
 },
 {
  "sid":"EHPV2425:52#seg:565-170-575-170",
  "informer":"<p> No Requirements </p>",
  "viewer":[
  ]
 },
 {
  "sid":"EHPV2425:52#seg:565-245-565-245",
  "informer":"<p> No Requirements </p>",
  "viewer":[
  ]
 },
 {
  "sid":"EHPV2425:52#seg:565-145-565-145",
  "informer":"<p> No Requirements </p>",
  "viewer":[
  ]
 },
 {
  "sid":"EHPV2425:52#seg:1225-320-1225-311",
  "informer":"<p> No Requirements </p>",
  "viewer":[
  ]
 },
 {
  "sid":"EHPV2425:52#seg:1270-320-1270-311",
  "informer":"<p> No Requirements </p>",
  "viewer":[
  ]
 },
 {
  "sid":"EHPV2425:52#seg:1315-320-1315-311",
  "informer":"<p> No Requirements </p>",
  "viewer":[
  ]
 },
 {
  "sid":"EHPV2425:52#seg:1225-65-1225-75",
  "informer":"<p> No Requirements </p>",
  "viewer":[
  ]
 },
 {
  "sid":"EHPV2425:52#seg:1270-65-1270-75",
  "informer":"<p> No Requirements </p>",
  "viewer":[
  ]
 },
 {
  "sid":"EHPV2425:52#seg:1315-65-1315-75",
  "informer":"<p> No Requirements </p>",
  "viewer":[
  ]
 },
 {
  "sid":"EHPV2425:363#out:1;line",
  "informer":[
  ],
  "viewer":[
  ]
 },
 {
  "sid":"EHPV2425:361#out:1;line",
  "informer":[
  ],
  "viewer":[
  ]
 },
 {
  "sid":"EHPV2425:365#out:1;line",
  "informer":[
  ],
  "viewer":[
  ]
 },
 {
  "sid":"EHPV2425:390#out:1;line",
  "informer":[
  ],
  "viewer":[
  ]
 },
 {
  "sid":"EHPV2425:391#out:1;line",
  "informer":[
  ],
  "viewer":[
  ]
 },
 {
  "sid":"EHPV2425:392#out:1;line",
  "informer":[
  ],
  "viewer":[
  ]
 },
 {
  "sid":"EHPV2425:394#out:1;line",
  "informer":[
  ],
  "viewer":[
  ]
 },
 {
  "sid":"EHPV2425:404#out:1;line",
  "informer":[
  ],
  "viewer":[
  ]
 },
 {
  "sid":"EHPV2425:160#out:1;line",
  "informer":[
  ],
  "viewer":[
  ]
 },
 {
  "sid":"EHPV2425:399#out:1;line",
  "informer":[
  ],
  "viewer":[
  ]
 },
 {
  "sid":"EHPV2425:523#out:1;line",
  "informer":[
  ],
  "viewer":[
  ]
 },
 {
  "sid":"EHPV2425:523#out:2;line",
  "informer":[
  ],
  "viewer":[
  ]
 },
 {
  "sid":"EHPV2425:160#rconn:1;line",
  "informer":[
  ],
  "viewer":[
  ]
 },
 {
  "sid":"EHPV2425:523#rconn:1;line",
  "informer":[
  ],
  "viewer":[
  ]
 },
 {
  "sid":"EHPV2425:399#rconn:1;line",
  "informer":[
  ],
  "viewer":[
  ]
 }
]