[
 {
  "sid":"EHPV2425:54#lconn:1",
  "inspector":{
   "params":[
    "Name",
    "Name",
    "Action",
    "Description"
   ],
   "values":[
    "Bolt on",
    "<inherit>",
    "Physical",
    ""
   ],
   "tabs":[
    "Main",
    "Interface",
    "Documentation"
   ],
   "tabs_idx":[
    0,
    1,
    3
   ]
  },
  "viewer":{
   "jshandler":"webview/handlers/ElementHandler"
  },
  "obj_viewer":[
  ],
  "finder":[
  ]
 },
 {
  "sid":"EHPV2425:60",
  "inspector":[
  ],
  "viewer":{
   "jshandler":"webview/handlers/ElementHandler"
  },
  "obj_viewer":[
  ],
  "finder":{
   "blocktype":"PMIOPort",
   "masktype":""
  }
 },
 {
  "sid":"EHPV2425:60#rconn:1",
  "inspector":{
   "params":[
    "Name",
    "Name",
    "Action",
    "Description"
   ],
   "values":[
    "Bolt on",
    "<inherit>",
    "Physical",
    ""
   ],
   "tabs":[
    "Main",
    "Interface",
    "Documentation"
   ],
   "tabs_idx":[
    0,
    1,
    3
   ]
  },
  "viewer":{
   "jshandler":"webview/handlers/ElementHandler"
  },
  "obj_viewer":[
  ],
  "finder":[
  ]
 }
]