[
 {
  "sid":"EHPV2425:434#in:1",
  "informer":"<p> No Requirements </p>",
  "viewer":[
  ]
 },
 {
  "sid":"EHPV2425:434#out:1",
  "informer":"<p> No Requirements </p>",
  "viewer":[
  ]
 },
 {
  "sid":"EHPV2425:436",
  "informer":"<p> No Requirements </p>",
  "viewer":[
  ]
 },
 {
  "sid":"EHPV2425:436#out:1",
  "informer":"<p> No Requirements </p>",
  "viewer":[
  ]
 },
 {
  "sid":"EHPV2425:437",
  "informer":"<p> No Requirements </p>",
  "viewer":[
  ]
 },
 {
  "sid":"EHPV2425:437#in:1",
  "informer":"<p> No Requirements </p>",
  "viewer":[
  ]
 }
]