[
 {
  "sid":"EHPV2425:150#in:1",
  "informer":"<p> No Requirements </p>",
  "viewer":[
  ]
 },
 {
  "sid":"EHPV2425:150#out:1",
  "informer":"<p> No Requirements </p>",
  "viewer":[
  ]
 },
 {
  "sid":"EHPV2425:169",
  "informer":"<html><head><meta charset=\"UTF-8\"></head><body>\n<h2><font color=\"#993300\">\"Battery Thermocouple:Battey Themocouple Power\" <i>(Port)</i></font></h2>\n<hr>\n<font color=\"#993300\"><h3>1. link #22</h3>\nLink to Requirements Toolbox<br/>\nDocument: <font color=\"blue\">NGOS.slreqx</font><br/>\nLocation/Item: <font color=\"blue\">Component Preservation</font><br/>\n</font>\n<!DOCTYPE HTML PUBLIC \"-//W3C//DTD HTML 4.0//EN\" \"http://www.w3.org/TR/REC-html40/strict.dtd\">\n<html><head><meta name=\"qrichtext\" content=\"1\" /><style type=\"text/css\">\np, li { white-space: pre-wrap; }\n</style></head><body align=\"left\" style=\" font-family:'MS Shell Dlg 2','MS Shell Dlg 2'; font-size:10pt; font-weight:400; font-style:normal;\">\n<p align=\"left\" style=\" margin-top:0px; margin-bottom:0px; margin-left:0px; margin-right:0px; -qt-block-indent:0; text-indent:0px;\"><span style=\" font-family:'MS Shell Dlg 2';\">Some components may overheat or draw too much current. We need to mitigate that. </span></p></body></html>\n</body></html>\n",
  "viewer":{
   "color":"orange"
  }
 },
 {
  "sid":"EHPV2425:169#out:1",
  "informer":"<p> No Requirements </p>",
  "viewer":[
  ]
 },
 {
  "sid":"EHPV2425:152",
  "informer":"<p> No Requirements </p>",
  "viewer":[
  ]
 },
 {
  "sid":"EHPV2425:152#in:1",
  "informer":"<p> No Requirements </p>",
  "viewer":[
  ]
 }
]