[
 {
  "sid":"EHPV2425:523#out:1",
  "informer":"<p> No Requirements </p>",
  "viewer":[
  ]
 },
 {
  "sid":"EHPV2425:523#out:2",
  "informer":"<p> No Requirements </p>",
  "viewer":[
  ]
 },
 {
  "sid":"EHPV2425:523#lconn:1",
  "informer":"<p> No Requirements </p>",
  "viewer":[
  ]
 },
 {
  "sid":"EHPV2425:523#lconn:2",
  "informer":"<p> No Requirements </p>",
  "viewer":[
  ]
 },
 {
  "sid":"EHPV2425:523#rconn:1",
  "informer":"<p> No Requirements </p>",
  "viewer":[
  ]
 },
 {
  "sid":"EHPV2425:72",
  "informer":"<p> No Requirements </p>",
  "viewer":[
  ]
 },
 {
  "sid":"EHPV2425:72#out:1",
  "informer":"<p> No Requirements </p>",
  "viewer":[
  ]
 },
 {
  "sid":"EHPV2425:72#lconn:1",
  "informer":"<p> No Requirements </p>",
  "viewer":[
  ]
 },
 {
  "sid":"EHPV2425:69",
  "informer":"<html><head><meta charset=\"UTF-8\"></head><body>\n<h2><font color=\"#993300\">\"Left Wheel\" <i>(Component, 3 links)</i></font></h2>\n<hr>\n<font color=\"#993300\"><h3>1. link #58</h3>\nLink to Requirements Toolbox<br/>\nDocument: <font color=\"blue\">NGOS.slreqx</font><br/>\nLocation/Item: <font color=\"blue\">Rain</font><br/>\n</font>\n<hr>\n<font color=\"#993300\"><h3>2. link #59</h3>\nLink to Requirements Toolbox<br/>\nDocument: <font color=\"blue\">NGOS.slreqx</font><br/>\nLocation/Item: <font color=\"blue\">Snow</font><br/>\n</font>\n<hr>\n<font color=\"#993300\"><h3>3. link #62</h3>\nLink to Requirements Toolbox<br/>\nDocument: <font color=\"blue\">NGOS.slreqx</font><br/>\nLocation/Item: <font color=\"blue\">Mud</font><br/>\n</font>\n</body></html>\n",
  "viewer":{
   "color":"orange"
  }
 },
 {
  "sid":"EHPV2425:69#in:1",
  "informer":"<p> No Requirements </p>",
  "viewer":[
  ]
 },
 {
  "sid":"EHPV2425:69#out:1",
  "informer":"<p> No Requirements </p>",
  "viewer":[
  ]
 },
 {
  "sid":"EHPV2425:73",
  "informer":"<p> No Requirements </p>",
  "viewer":[
  ]
 },
 {
  "sid":"EHPV2425:73#out:1",
  "informer":"<p> No Requirements </p>",
  "viewer":[
  ]
 },
 {
  "sid":"EHPV2425:73#lconn:1",
  "informer":"<p> No Requirements </p>",
  "viewer":[
  ]
 },
 {
  "sid":"EHPV2425:70",
  "informer":"<html><head><meta charset=\"UTF-8\"></head><body>\n<h2><font color=\"#993300\">\"Right Wheel\" <i>(Component, 3 links)</i></font></h2>\n<hr>\n<font color=\"#993300\"><h3>1. link #60</h3>\nLink to Requirements Toolbox<br/>\nDocument: <font color=\"blue\">NGOS.slreqx</font><br/>\nLocation/Item: <font color=\"blue\">Snow</font><br/>\n</font>\n<hr>\n<font color=\"#993300\"><h3>2. link #61</h3>\nLink to Requirements Toolbox<br/>\nDocument: <font color=\"blue\">NGOS.slreqx</font><br/>\nLocation/Item: <font color=\"blue\">Rain</font><br/>\n</font>\n<hr>\n<font color=\"#993300\"><h3>3. link #63</h3>\nLink to Requirements Toolbox<br/>\nDocument: <font color=\"blue\">NGOS.slreqx</font><br/>\nLocation/Item: <font color=\"blue\">Mud</font><br/>\n</font>\n</body></html>\n",
  "viewer":{
   "color":"orange"
  }
 },
 {
  "sid":"EHPV2425:70#in:1",
  "informer":"<p> No Requirements </p>",
  "viewer":[
  ]
 },
 {
  "sid":"EHPV2425:70#out:1",
  "informer":"<p> No Requirements </p>",
  "viewer":[
  ]
 },
 {
  "sid":"EHPV2425:71",
  "informer":"<p> No Requirements </p>",
  "viewer":[
  ]
 },
 {
  "sid":"EHPV2425:71#in:1",
  "informer":"<p> No Requirements </p>",
  "viewer":[
  ]
 },
 {
  "sid":"EHPV2425:71#in:2",
  "informer":"<p> No Requirements </p>",
  "viewer":[
  ]
 },
 {
  "sid":"EHPV2425:71#out:1",
  "informer":"<p> No Requirements </p>",
  "viewer":[
  ]
 },
 {
  "sid":"EHPV2425:71#out:2",
  "informer":"<p> No Requirements </p>",
  "viewer":[
  ]
 },
 {
  "sid":"EHPV2425:71#lconn:1",
  "informer":"<p> No Requirements </p>",
  "viewer":[
  ]
 },
 {
  "sid":"EHPV2425:526",
  "informer":"<p> No Requirements </p>",
  "viewer":[
  ]
 },
 {
  "sid":"EHPV2425:526#rconn:1",
  "informer":"<p> No Requirements </p>",
  "viewer":[
  ]
 },
 {
  "sid":"EHPV2425:527",
  "informer":"<p> No Requirements </p>",
  "viewer":[
  ]
 },
 {
  "sid":"EHPV2425:527#rconn:1",
  "informer":"<p> No Requirements </p>",
  "viewer":[
  ]
 },
 {
  "sid":"EHPV2425:528",
  "informer":"<p> No Requirements </p>",
  "viewer":[
  ]
 },
 {
  "sid":"EHPV2425:528#rconn:1",
  "informer":"<p> No Requirements </p>",
  "viewer":[
  ]
 },
 {
  "sid":"EHPV2425:524",
  "informer":"<p> No Requirements </p>",
  "viewer":[
  ]
 },
 {
  "sid":"EHPV2425:524#in:1",
  "informer":"<p> No Requirements </p>",
  "viewer":[
  ]
 },
 {
  "sid":"EHPV2425:525",
  "informer":"<p> No Requirements </p>",
  "viewer":[
  ]
 },
 {
  "sid":"EHPV2425:525#in:1",
  "informer":"<p> No Requirements </p>",
  "viewer":[
  ]
 },
 {
  "sid":"EHPV2425:523#seg:91-80-81-80",
  "informer":"<p> No Requirements </p>",
  "viewer":[
  ]
 },
 {
  "sid":"EHPV2425:523#seg:465-165-454-165",
  "informer":"<p> No Requirements </p>",
  "viewer":[
  ]
 },
 {
  "sid":"EHPV2425:523#seg:91-225-81-225",
  "informer":"<p> No Requirements </p>",
  "viewer":[
  ]
 },
 {
  "sid":"EHPV2425:523#seg:270-80-375-70",
  "informer":"<p> No Requirements </p>",
  "viewer":[
  ]
 },
 {
  "sid":"EHPV2425:523#seg:270-225-375-236",
  "informer":"<p> No Requirements </p>",
  "viewer":[
  ]
 },
 {
  "sid":"EHPV2425:523#seg:466-190-490-265",
  "informer":"<p> No Requirements </p>",
  "viewer":[
  ]
 },
 {
  "sid":"EHPV2425:523#seg:466-140-490-95",
  "informer":"<p> No Requirements </p>",
  "viewer":[
  ]
 },
 {
  "sid":"EHPV2425:523#seg:705-95-695-95",
  "informer":"<p> No Requirements </p>",
  "viewer":[
  ]
 },
 {
  "sid":"EHPV2425:523#seg:705-265-695-265",
  "informer":"<p> No Requirements </p>",
  "viewer":[
  ]
 },
 {
  "sid":"EHPV2425:70#out:1;line",
  "informer":[
  ],
  "viewer":[
  ]
 },
 {
  "sid":"EHPV2425:69#out:1;line",
  "informer":[
  ],
  "viewer":[
  ]
 },
 {
  "sid":"EHPV2425:71#out:1;line",
  "informer":[
  ],
  "viewer":[
  ]
 },
 {
  "sid":"EHPV2425:71#out:2;line",
  "informer":[
  ],
  "viewer":[
  ]
 },
 {
  "sid":"EHPV2425:73#out:1;line",
  "informer":[
  ],
  "viewer":[
  ]
 },
 {
  "sid":"EHPV2425:72#out:1;line",
  "informer":[
  ],
  "viewer":[
  ]
 },
 {
  "sid":"EHPV2425:528#rconn:1;line",
  "informer":[
  ],
  "viewer":[
  ]
 },
 {
  "sid":"EHPV2425:71#lconn:1;line",
  "informer":[
  ],
  "viewer":[
  ]
 },
 {
  "sid":"EHPV2425:526#rconn:1;line",
  "informer":[
  ],
  "viewer":[
  ]
 }
]