[
 {
  "sid":"EHPV2425:438#in:1",
  "inspector":{
   "params":[
    "Name",
    "Name",
    "Action",
    "Description"
   ],
   "values":[
    "DC V OUT",
    "<inherit>",
    "Input",
    ""
   ],
   "tabs":[
    "Main",
    "Interface",
    "Documentation"
   ],
   "tabs_idx":[
    0,
    1,
    3
   ]
  },
  "viewer":{
   "jshandler":"webview/handlers/ElementHandler"
  },
  "obj_viewer":[
  ],
  "finder":[
  ]
 },
 {
  "sid":"EHPV2425:438#out:1",
  "inspector":{
   "params":[
    "Name",
    "Name",
    "Action",
    "Description"
   ],
   "values":[
    "PAS AMP",
    "<inherit>",
    "Output",
    ""
   ],
   "tabs":[
    "Main",
    "Interface",
    "Stereotype : AnalogSignal",
    "Documentation"
   ],
   "tabs_idx":[
    0,
    1,
    3,
    3
   ]
  },
  "viewer":{
   "jshandler":"webview/handlers/ElementHandler"
  },
  "obj_viewer":[
  ],
  "finder":[
  ]
 },
 {
  "sid":"EHPV2425:438#out:2",
  "inspector":{
   "params":[
    "Name",
    "Name",
    "Action",
    "Description"
   ],
   "values":[
    "DC OUT",
    "<inherit>",
    "Output",
    ""
   ],
   "tabs":[
    "Main",
    "Interface",
    "Stereotype : PowerLine",
    "Documentation"
   ],
   "tabs_idx":[
    0,
    1,
    3,
    3
   ]
  },
  "viewer":{
   "jshandler":"webview/handlers/ElementHandler"
  },
  "obj_viewer":[
  ],
  "finder":[
  ]
 },
 {
  "sid":"EHPV2425:439",
  "inspector":[
  ],
  "viewer":{
   "jshandler":"webview/handlers/ElementHandler"
  },
  "obj_viewer":[
  ],
  "finder":{
   "blocktype":"Inport",
   "masktype":""
  }
 },
 {
  "sid":"EHPV2425:439#out:1",
  "inspector":{
   "params":[
    "Name",
    "Name",
    "Action",
    "Description"
   ],
   "values":[
    "DC V OUT",
    "<inherit>",
    "Input",
    ""
   ],
   "tabs":[
    "Main",
    "Interface",
    "Documentation"
   ],
   "tabs_idx":[
    0,
    1,
    3
   ]
  },
  "viewer":{
   "jshandler":"webview/handlers/ElementHandler"
  },
  "obj_viewer":[
  ],
  "finder":[
  ]
 },
 {
  "sid":"EHPV2425:444",
  "inspector":[
  ],
  "viewer":{
   "jshandler":"webview/handlers/ElementHandler"
  },
  "obj_viewer":[
  ],
  "finder":{
   "blocktype":"Outport",
   "masktype":""
  }
 },
 {
  "sid":"EHPV2425:444#in:1",
  "inspector":{
   "params":[
    "Name",
    "Name",
    "Action",
    "Description"
   ],
   "values":[
    "PAS AMP",
    "<inherit>",
    "Output",
    ""
   ],
   "tabs":[
    "Main",
    "Interface",
    "Stereotype : AnalogSignal",
    "Documentation"
   ],
   "tabs_idx":[
    0,
    1,
    3,
    3
   ]
  },
  "viewer":{
   "jshandler":"webview/handlers/ElementHandler"
  },
  "obj_viewer":[
  ],
  "finder":[
  ]
 },
 {
  "sid":"EHPV2425:441",
  "inspector":[
  ],
  "viewer":{
   "jshandler":"webview/handlers/ElementHandler"
  },
  "obj_viewer":[
  ],
  "finder":{
   "blocktype":"Outport",
   "masktype":""
  }
 },
 {
  "sid":"EHPV2425:441#in:1",
  "inspector":{
   "params":[
    "Name",
    "Name",
    "Action",
    "Description"
   ],
   "values":[
    "DC OUT",
    "<inherit>",
    "Output",
    ""
   ],
   "tabs":[
    "Main",
    "Interface",
    "Stereotype : PowerLine",
    "Documentation"
   ],
   "tabs_idx":[
    0,
    1,
    3,
    3
   ]
  },
  "viewer":{
   "jshandler":"webview/handlers/ElementHandler"
  },
  "obj_viewer":[
  ],
  "finder":[
  ]
 },
 {
  "sid":"EHPV2425:438#seg:700-290-690-290",
  "inspector":{
   "params":[
    "Source",
    "Destination",
    "Name",
    "Description"
   ],
   "values":[
    "DC V OUT",
    "DC OUT",
    "Conn",
    ""
   ],
   "tabs":[
    "Port selection",
    "Connector",
    "Documentation"
   ],
   "tabs_idx":[
    0,
    2,
    3
   ]
  },
  "viewer":{
   "jshandler":"webview/handlers/ElementHandler"
  },
  "obj_viewer":[
  ],
  "finder":[
  ]
 },
 {
  "sid":"EHPV2425:439#out:1;line",
  "inspector":{
   "params":[
    "SignalNameFromLabel",
    "MustResolveToSignal",
    "ShowPropagatedSignal",
    "DataLogging",
    "TestPoint",
    "SignalObjectPackage",
    "StorageClass",
    "Description",
    "documentLink"
   ],
   "values":[
    "",
    "off",
    "off",
    "off",
    "off",
    "Simulink",
    "Auto",
    "",
    ""
   ],
   "tabs":[
    "Parameter Attributes",
    "Logging and Accessibility",
    "Code Generation",
    "Documentation"
   ],
   "tabs_idx":[
    0,
    3,
    5,
    7
   ]
  },
  "viewer":{
   "jshandler":"webview/handlers/ElementHandler"
  },
  "obj_viewer":[
  ],
  "finder":[
  ]
 }
]