[
 {
  "sid":"EHPV2425:73#out:1",
  "informer":"<p> No Requirements </p>",
  "viewer":[
  ]
 },
 {
  "sid":"EHPV2425:73#lconn:1",
  "informer":"<p> No Requirements </p>",
  "viewer":[
  ]
 },
 {
  "sid":"EHPV2425:403",
  "informer":"<p> No Requirements </p>",
  "viewer":[
  ]
 },
 {
  "sid":"EHPV2425:403#rconn:1",
  "informer":"<p> No Requirements </p>",
  "viewer":[
  ]
 },
 {
  "sid":"EHPV2425:88",
  "informer":"<p> No Requirements </p>",
  "viewer":[
  ]
 },
 {
  "sid":"EHPV2425:88#in:1",
  "informer":"<p> No Requirements </p>",
  "viewer":[
  ]
 }
]