{
 "version":3,
 "baseUrl":"support/slwebview_files",
 "homeHid":46,
 "sections":[
  {
   "hid":1,
   "sid":"EHPV2425",
   "name":"EHPV2425",
   "fullname":"EHPV2425",
   "label":"EHPV2425",
   "parent":0,
   "descendantIDs":[
    2,
    3,
    4,
    5,
    6,
    7,
    8,
    9,
    10,
    11,
    12,
    13,
    14,
    15,
    16,
    17,
    18,
    19,
    20,
    21,
    22,
    23,
    24,
    25,
    26,
    27,
    28,
    29,
    30,
    31,
    32,
    33,
    34,
    35,
    36,
    37,
    38,
    39,
    40,
    41,
    42,
    43,
    44,
    45,
    46,
    47,
    48,
    49,
    50,
    51,
    52,
    53,
    54,
    55,
    56,
    57,
    58,
    59,
    60,
    61,
    62,
    63,
    64,
    65,
    66,
    67,
    68
   ],
   "descendantsURL":"support/slwebview_files/EHPV2425_diagrams_1.json",
   "sysViewURL":"support/slwebview_files/EHPV2425_p.json",
   "optViewURLs":{
    "requirements":"support/slwebview_files/EHPV2425_p_requirements.json"
   }
  }
 ],
 "optViews":[
  {
   "id":"requirements",
   "name":"Requirements",
   "icon":"requirements_requirements_icon"
  }
 ],
 "display":{
  "informer":false,
  "notes":false
 },
 "iconsUrl":"support/slwebview_files/icon.css"
}